stop slave;
drop table if exists t1,t2,t3,t4,t5,t6,t7,t8,t9;
reset master;
reset slave;
drop table if exists t1,t2,t3,t4,t5,t6,t7,t8,t9;
start slave;
CREATE TABLE t1 (a VARCHAR(10) PRIMARY KEY) ENGINE=MyISAM;
INSERT INTO t1 VALUES ('a');
UPDATE t1 SET a = 'MyISAM';
SELECT * FROM t1 ORDER BY a;
a
MyISAM
SELECT * FROM t1 ORDER BY a;
a
MyISAM
DROP TABLE t1;
