stop slave;
drop table if exists t1,t2,t3,t4,t5,t6,t7,t8,t9;
reset master;
reset slave;
drop table if exists t1,t2,t3,t4,t5,t6,t7,t8,t9;
start slave;
CREATE TABLE char128_utf8 ( 
i1 INT NOT NULL, 
c CHAR(128) CHARACTER SET utf8 NOT NULL, 
i2 INT NOT NULL);
INSERT INTO char128_utf8 VALUES ( 1, "123", 1 );
SELECT * FROM char128_utf8;
i1	c	i2
1	123	1
SELECT * FROM char128_utf8;
i1	c	i2
1	123	1
