stop slave;
drop table if exists t1,t2,t3,t4,t5,t6,t7,t8,t9;
reset master;
reset slave;
drop table if exists t1,t2,t3,t4,t5,t6,t7,t8,t9;
start slave;
**** On Master ****
CREATE TABLE t1 (a INT);
INSERT INTO t1 VALUES (1),(2),(3);
SELECT * FROM t1;
a
1
2
3
REPLACE INTO t1 VALUES (4);
SELECT * FROM t1;
a
1
2
3
4
Last_SQL_Error = The incident LOST_EVENTS occured on the master. Message: <none>
**** On Slave ****
SELECT * FROM t1;
a
1
2
3
SET GLOBAL SQL_SLAVE_SKIP_COUNTER=1;
START SLAVE;
SELECT * FROM t1;
a
1
2
3
4
Checking that both slave threads are running.
DROP TABLE t1;
