stop slave;
drop table if exists t1,t2,t3,t4,t5,t6,t7,t8,t9;
reset master;
reset slave;
drop table if exists t1,t2,t3,t4,t5,t6,t7,t8,t9;
start slave;
CREATE TABLE t1 (a INT NOT NULL PRIMARY KEY AUTO_INCREMENT, b INT,
UNIQUE(b));
INSERT INTO t1(b) VALUES(1),(1),(2) ON DUPLICATE KEY UPDATE t1.b=10;
SELECT * FROM t1;
a	b
1	10
2	2
Last_SQL_Error = Error 'master may suffer from http://bugs.mysql.com/bug.php?id=24432 so slave stops; check error log on slave for more info' on query. Default database: 'test'. Query: 'INSERT INTO t1(b) VALUES(1),(1),(2) ON DUPLICATE KEY UPDATE t1.b=10'
SELECT * FROM t1;
a	b
stop slave;
reset slave;
reset master;
drop table t1;
start slave;
CREATE TABLE t1 (
id bigint(20) unsigned NOT NULL auto_increment,
field_1 int(10) unsigned NOT NULL,
field_2 varchar(255) NOT NULL,
field_3 varchar(255) NOT NULL,
PRIMARY KEY (id),
UNIQUE KEY field_1 (field_1, field_2)
);
CREATE TABLE t2 (
field_a int(10) unsigned NOT NULL,
field_b varchar(255) NOT NULL,
field_c varchar(255) NOT NULL
);
INSERT INTO t2 (field_a, field_b, field_c) VALUES (1, 'a', '1a');
INSERT INTO t2 (field_a, field_b, field_c) VALUES (2, 'b', '2b');
INSERT INTO t2 (field_a, field_b, field_c) VALUES (3, 'c', '3c');
INSERT INTO t2 (field_a, field_b, field_c) VALUES (4, 'd', '4d');
INSERT INTO t2 (field_a, field_b, field_c) VALUES (5, 'e', '5e');
INSERT INTO t1 (field_1, field_2, field_3)
SELECT t2.field_a, t2.field_b, t2.field_c
FROM t2
ON DUPLICATE KEY UPDATE
t1.field_3 = t2.field_c;
INSERT INTO t2 (field_a, field_b, field_c) VALUES (6, 'f', '6f');
INSERT INTO t1 (field_1, field_2, field_3)
SELECT t2.field_a, t2.field_b, t2.field_c
FROM t2
ON DUPLICATE KEY UPDATE
t1.field_3 = t2.field_c;
SELECT * FROM t1;
id	field_1	field_2	field_3
1	1	a	1a
2	2	b	2b
3	3	c	3c
4	4	d	4d
5	5	e	5e
6	6	f	6f
Last_SQL_Error = Error 'master may suffer from http://bugs.mysql.com/bug.php?id=24432 so slave stops; check error log on slave for more info' on query. Default database: 'test'. Query: 'INSERT INTO t1 (field_1, field_2, field_3)
SELECT t2.field_a, t2.field_b, t2.field_c
FROM t2
ON DUPLICATE KEY UPDATE
t1.field_3 = t2.field_c'
SELECT * FROM t1;
id	field_1	field_2	field_3
drop table t1, t2;
drop table t1, t2;
