stop slave;
drop table if exists t1,t2,t3,t4,t5,t6,t7,t8,t9;
reset master;
reset slave;
drop table if exists t1,t2,t3,t4,t5,t6,t7,t8,t9;
start slave;
create table t1(a int not null primary key) engine=myisam;
insert delayed into t1 values (1);
insert delayed into t1 values (2);
insert delayed into t1 values (3);
flush tables;
SELECT * FROM t1 ORDER BY a;
a
1
2
3
SELECT * FROM t1 ORDER BY a;
a
1
2
3
drop table t1;
