DROP DATABASE IF EXISTS BANK;
CREATE DATABASE BANK default charset=latin1 default collate=latin1_bin;
USE BANK;
SHOW TABLES;
Tables_in_BANK
ACCOUNT
GL
ACCOUNT_TYPE
TRANSACTION
SYSTEM_VALUES
SELECT * FROM GL            ORDER BY TIME,ACCOUNT_TYPE;
TIME	ACCOUNT_TYPE	BALANCE	DEPOSIT_COUNT	DEPOSIT_SUM	WITHDRAWAL_COUNT	WITHDRAWAL_SUM	PURGED
0	0	10000000	0	0	0	0	1
0	1	30000	0	0	0	0	1
0	2	20000	0	0	0	0	1
0	3	20000	0	0	0	0	1
0	4	20000	0	0	0	0	1
1	0	10000000	0	0	0	0	0
1	1	30000	0	0	0	0	0
1	2	20000	0	0	0	0	0
1	3	20000	0	0	0	0	0
1	4	20000	0	0	0	0	0
2	0	9981761	17	80457	19	98696	0
2	1	17823	55	203688	46	215865	0
2	2	47056	33	159275	33	132219	0
2	3	15719	26	126833	29	131114	0
2	4	27641	32	133459	36	125818	0
SELECT * FROM ACCOUNT       ORDER BY ACCOUNT_ID;
ACCOUNT_ID	OWNER	BALANCE	ACCOUNT_TYPE
0	0	9863546	0
1	3001	12885	1
2	3002	11012	2
3	3003	32789	3
4	3004	10992	4
5	3005	2247	1
6	3006	3170	1
7	3007	60321	2
8	3008	30508	3
9	3009	62530	4
SELECT COUNT(*) FROM TRANSACTION;
COUNT(*)
3444
SELECT * FROM SYSTEM_VALUES ORDER BY SYSTEM_VALUES_ID;
SYSTEM_VALUES_ID	VALUE
0	2039
1	3
SELECT * FROM mysql.ndb_apply_status WHERE server_id=0;
server_id	epoch	log_name	start_pos	end_pos
0	151		0	0
ForceVarPart: 1
ForceVarPart: 1
ForceVarPart: 1
ForceVarPart: 1
ForceVarPart: 1
TRUNCATE GL;
TRUNCATE ACCOUNT;
TRUNCATE TRANSACTION;
TRUNCATE SYSTEM_VALUES;
TRUNCATE ACCOUNT_TYPE;
ForceVarPart: 1
ForceVarPart: 1
ForceVarPart: 1
ForceVarPart: 1
ForceVarPart: 1
SELECT * FROM GL            ORDER BY TIME,ACCOUNT_TYPE;
TIME	ACCOUNT_TYPE	BALANCE	DEPOSIT_COUNT	DEPOSIT_SUM	WITHDRAWAL_COUNT	WITHDRAWAL_SUM	PURGED
0	0	10000000	0	0	0	0	1
0	1	30000	0	0	0	0	1
0	2	20000	0	0	0	0	1
0	3	20000	0	0	0	0	1
0	4	20000	0	0	0	0	1
1	0	10000000	0	0	0	0	1
1	1	30000	0	0	0	0	1
1	2	20000	0	0	0	0	1
1	3	20000	0	0	0	0	1
1	4	20000	0	0	0	0	1
2	0	10000000	0	0	0	0	1
2	1	30000	0	0	0	0	1
2	2	20000	0	0	0	0	1
2	3	20000	0	0	0	0	1
2	4	20000	0	0	0	0	1
3	0	9963591	14	59111	19	95520	0
3	1	44264	49	255559	53	241295	0
3	2	25515	39	177806	36	172291	0
3	3	16779	26	129200	29	132421	0
3	4	39851	43	182771	34	162920	0
4	0	9733661	141	632616	162	862546	0
4	1	63853	426	2005337	415	1985748	0
4	2	140473	314	1548632	297	1433674	0
4	3	13481	310	1528043	324	1531341	0
4	4	138532	316	1540206	309	1441525	0
SELECT * FROM ACCOUNT       ORDER BY ACCOUNT_ID;
ACCOUNT_ID	OWNER	BALANCE	ACCOUNT_TYPE
0	0	9679579	0
1	3001	18130	1
2	3002	12318	2
3	3003	3049	3
4	3004	39517	4
5	3005	37051	1
6	3006	144497	1
7	3007	130670	2
8	3008	13747	3
9	3009	11442	4
SELECT COUNT(*) FROM TRANSACTION;
COUNT(*)
4056
SELECT * FROM SYSTEM_VALUES ORDER BY SYSTEM_VALUES_ID;
SYSTEM_VALUES_ID	VALUE
0	2297
1	5
SELECT * FROM mysql.ndb_apply_status WHERE server_id=0;
server_id	epoch	log_name	start_pos	end_pos
0	331		0	0
SELECT * FROM DESCRIPTION ORDER BY USERNAME;
USERNAME	ADDRESS
Guangbao Ni	Suite 503, 5F NCI Tower, A12 Jianguomenwai Avenue Chaoyang District, Beijing, 100022  PRC
USERNAME Varchar(255;latin1_swedish_ci) NULL AT=SHORT_VAR ST=MEMORY
ADDRESS Longvarchar(2002;latin1_swedish_ci) NULL AT=MEDIUM_VAR ST=MEMORY
DROP DATABASE BANK;
