stop slave;
drop table if exists t1,t2,t3,t4,t5,t6,t7,t8,t9;
reset master;
reset slave;
drop table if exists t1,t2,t3,t4,t5,t6,t7,t8,t9;
start slave;
RESET MASTER;
CHANGE MASTER TO master_host="127.0.0.1",master_port=SLAVE_PORT,master_user="root";
START SLAVE;
CREATE TABLE t1 (a int key, b int) ENGINE=ndb;
SHOW TABLES;
Tables_in_test
t1
INSERT INTO t1 VALUES (1,2);
INSERT INTO t1 VALUES (2,3);
SELECT * FROM t1 ORDER BY a;
a	b
1	2
2	3
Checking that both slave threads are running.
SELECT * FROM t1 ORDER BY a;
a	b
1	2
2	3
Checking that both slave threads are running.
STOP SLAVE;
DROP TABLE t1;
