stop slave;
drop table if exists t1,t2,t3,t4,t5,t6,t7,t8,t9;
reset master;
reset slave;
drop table if exists t1,t2,t3,t4,t5,t6,t7,t8,t9;
start slave;
create table t1 (a int, b int) engine=NDB;
insert into t1 values(1,1);
select * from t1;
a	b
1	1
delete from t1;
select * from t1;
a	b
drop table t1;
